<?xml version="1.0" encoding="UTF-8"?>
<project-private xmlns="http://www.netbeans.org/ns/project-private/1">
    <editor-bookmarks xmlns="http://www.netbeans.org/ns/editor-bookmarks/2" lastBookmarkId="0"/>
    <open-files xmlns="http://www.netbeans.org/ns/projectui-open-files/2">
        <group>
            <file>file:/C:/xampp/htdocs/ClubPro/src/ClubProBundle/Resources/config/services.xml</file>
            <file>file:/C:/xampp/htdocs/ClubPro/app/config/config.yml</file>
            <file>file:/C:/xampp/htdocs/ClubPro/src/ClubProBundle/Entity/TypeUser.php</file>
            <file>file:/C:/xampp/htdocs/ClubPro/src/ClubProBundle/Manager/TypeUserManager.php</file>
            <file>file:/C:/xampp/htdocs/ClubPro/src/ClubProBundle/Controller/DefaultController.php</file>
            <file>file:/C:/xampp/htdocs/ClubPro/src/ClubProBundle/Manager/BaseManager.php</file>
        </group>
    </open-files>
</project-private>
